,title,description,h1
https://proauc.ru/avto-iz-kitaya/catalog/neta/,Neta из Китая - купить Нета c пробегом,"Привозим Neta напрямую из Китая под заказ! Проверенная история, выгодные условия и полное сопровождение на всех этапах сделки.",Neta из Китая
https://proauc.ru/avto-iz-kitaya/catalog/ds-automobile/,Ds Automobile из Китая - купить ДС Автомобили c пробегом,"Привозим Ds Automobile напрямую из Китая под заказ! Проверенная история, выгодные условия и полное сопровождение на всех этапах сделки.",Ds Automobile из Китая
https://proauc.ru/avto-iz-kitaya/catalog/icar-chery/,Icar Chery из Китая - купить Айкар Чери c пробегом,"Привозим Icar Chery напрямую из Китая под заказ! Проверенная история, выгодные условия и полное сопровождение на всех этапах сделки.",Icar Chery из Китая
https://proauc.ru/avto-iz-kitaya/catalog/geely-galaxy/,Geely Galaxy из Китая - купить Джили Гэлакси c пробегом,"Привозим Geely Galaxy напрямую из Китая под заказ! Проверенная история, выгодные условия и полное сопровождение на всех этапах сделки.",Geely Galaxy из Китая
https://proauc.ru/avto-iz-kitaya/catalog/wuling/,Wuling из Китая - купить Вулинг c пробегом,"Привозим Wuling напрямую из Китая под заказ! Проверенная история, выгодные условия и полное сопровождение на всех этапах сделки.",Wuling из Китая
https://proauc.ru/avto-iz-kitaya/catalog/byd-fangcheng/,Byd Fangcheng из Китая - купить БИД Фанчэн c пробегом,"Привозим Byd Fangcheng напрямую из Китая под заказ! Проверенная история, выгодные условия и полное сопровождение на всех этапах сделки.",Byd Fangcheng из Китая
https://proauc.ru/avto-iz-kitaya/catalog/hawtai/,Hawtai из Китая - купить Хавтай c пробегом,"Привозим Hawtai напрямую из Китая под заказ! Проверенная история, выгодные условия и полное сопровождение на всех этапах сделки.",Hawtai из Китая
https://proauc.ru/avto-iz-kitaya/catalog/gac-hyper/,Gac Hyper из Китая - купить ГАК Хайпер c пробегом,"Привозим Gac Hyper напрямую из Китая под заказ! Проверенная история, выгодные условия и полное сопровождение на всех этапах сделки.",Gac Hyper из Китая
https://proauc.ru/avto-iz-kitaya/catalog/shaanxi-tongj/,Shaanxi Tongj из Китая - купить Shaanxi Tongj c пробегом,"Привозим Shaanxi Tongj напрямую из Китая под заказ! Проверенная история, выгодные условия и полное сопровождение на всех этапах сделки.",Shaanxi Tongj из Китая
https://proauc.ru/avto-iz-kitaya/catalog/chaojing-auto/,Chaojing Auto из Китая - купить Chaojing Auto c пробегом,"Привозим Chaojing Auto напрямую из Китая под заказ! Проверенная история, выгодные условия и полное сопровождение на всех этапах сделки.",Chaojing Auto из Китая
https://proauc.ru/avto-iz-kitaya/catalog/golden-dragon/,Golden Dragon из Китая - купить Голден Драгон c пробегом,"Привозим Golden Dragon напрямую из Китая под заказ! Проверенная история, выгодные условия и полное сопровождение на всех этапах сделки.",Golden Dragon из Китая
https://proauc.ru/avto-iz-kitaya/catalog/seres/,Seres из Китая - купить Серес c пробегом,"Привозим Seres напрямую из Китая под заказ! Проверенная история, выгодные условия и полное сопровождение на всех этапах сделки.",Seres из Китая
https://proauc.ru/avto-iz-kitaya/catalog/wm-motor-welt/,Wm Motor Welt из Китая - купить Wm Motor Welt  c пробегом,"Привозим Wm Motor Welt напрямую из Китая под заказ! Проверенная история, выгодные условия и полное сопровождение на всех этапах сделки.",Wm Motor Welt из Китая
https://proauc.ru/avto-iz-kitaya/catalog/byd-yangwang/,Byd Yangwang из Китая - купить БИД Янг ванг c пробегом,"Привозим Byd Yangwang напрямую из Китая под заказ! Проверенная история, выгодные условия и полное сопровождение на всех этапах сделки.",Byd Yangwang из Китая
https://proauc.ru/avto-iz-kitaya/catalog/dayun-auto/,Dayun Auto из Китая - купить Дайюн Авто c пробегом,"Привозим Dayun Auto напрямую из Китая под заказ! Проверенная история, выгодные условия и полное сопровождение на всех этапах сделки.",Dayun Auto из Китая
https://proauc.ru/avto-iz-kitaya/catalog/kaisheng/,Kaisheng из Китая - купить Кайшэн c пробегом,"Привозим Kaisheng напрямую из Китая под заказ! Проверенная история, выгодные условия и полное сопровождение на всех этапах сделки.",Kaisheng из Китая
https://proauc.ru/avto-iz-kitaya/catalog/faw-bestune/,Faw Bestune из Китая - купить ФАВ Бестюн c пробегом,"Привозим Faw Bestune напрямую из Китая под заказ! Проверенная история, выгодные условия и полное сопровождение на всех этапах сделки.",Faw Bestune из Китая
https://proauc.ru/avto-iz-kitaya/catalog/zinoro/,Zinoro из Китая - купить Зиноро c пробегом,"Привозим Zinoro напрямую из Китая под заказ! Проверенная история, выгодные условия и полное сопровождение на всех этапах сделки.",Zinoro из Китая
https://proauc.ru/avto-iz-kitaya/catalog/opel/,Opel из Китая - купить Опель c пробегом,"Привозим Opel напрямую из Китая под заказ! Проверенная история, выгодные условия и полное сопровождение на всех этапах сделки.",Opel из Китая
https://proauc.ru/avto-iz-kitaya/catalog/jac-refine/,Jac Refine из Китая - купить Джак Рефайн c пробегом,"Привозим Jac Refine напрямую из Китая под заказ! Проверенная история, выгодные условия и полное сопровождение на всех этапах сделки.",Jac Refine из Китая
https://proauc.ru/avto-iz-kitaya/catalog/kmuller/,Kmuller из Китая - купить Кмюллер c пробегом,"Привозим Kmuller напрямую из Китая под заказ! Проверенная история, выгодные условия и полное сопровождение на всех этапах сделки.",Kmuller из Китая
https://proauc.ru/avto-iz-kitaya/catalog/zxauto/,Zxauto из Китая - купить Zxauto c пробегом,"Привозим Zxauto напрямую из Китая под заказ! Проверенная история, выгодные условия и полное сопровождение на всех этапах сделки.",Zxauto из Китая
https://proauc.ru/avto-iz-kitaya/catalog/jinguan-auto/,Jinguan Auto из Китая - купить Jinguan Auto c пробегом,"Привозим Jinguan Auto напрямую из Китая под заказ! Проверенная история, выгодные условия и полное сопровождение на всех этапах сделки.",Jinguan Auto из Китая
https://proauc.ru/avto-iz-kitaya/catalog/ruichi-auto/,Ruichi Auto из Китая - купить Жуйчи Авто c пробегом,"Привозим Ruichi Auto напрямую из Китая под заказ! Проверенная история, выгодные условия и полное сопровождение на всех этапах сделки.",Ruichi Auto из Китая
https://proauc.ru/avto-iz-kitaya/catalog/pocco/,Pocco из Китая - купить Покко c пробегом,"Привозим Pocco напрямую из Китая под заказ! Проверенная история, выгодные условия и полное сопровождение на всех этапах сделки.",Pocco из Китая
https://proauc.ru/avto-iz-kitaya/catalog/evergrande-he/,Evergrande He из Китая - купить Evergrande He c пробегом,"Привозим Evergrande He напрямую из Китая под заказ! Проверенная история, выгодные условия и полное сопровождение на всех этапах сделки.",Evergrande He из Китая
https://proauc.ru/avto-iz-kitaya/catalog/voyah/,Voyah из Китая - купить Войах c пробегом,"Привозим Voyah напрямую из Китая под заказ! Проверенная история, выгодные условия и полное сопровождение на всех этапах сделки.",Voyah из Китая
https://proauc.ru/avto-iz-kitaya/catalog/cowin/,Cowin из Китая - купить Ковин c пробегом,"Привозим Cowin напрямую из Китая под заказ! Проверенная история, выгодные условия и полное сопровождение на всех этапах сделки.",Cowin из Китая
https://proauc.ru/avto-iz-kitaya/catalog/zhijun-auto/,Zhijun Auto из Китая - купить Zhijun Auto c пробегом,"Привозим Zhijun Auto напрямую из Китая под заказ! Проверенная история, выгодные условия и полное сопровождение на всех этапах сделки.",Zhijun Auto из Китая
https://proauc.ru/avto-iz-kitaya/catalog/rhine-auto/,Rhine Auto из Китая - купить Rhine Auto c пробегом,"Привозим Rhine Auto напрямую из Китая под заказ! Проверенная история, выгодные условия и полное сопровождение на всех этапах сделки.",Rhine Auto из Китая
https://proauc.ru/avto-iz-kitaya/catalog/baic-huasu/,Baic Huasu из Китая - купить БАИК Хуасу c пробегом,"Привозим BaicHuasu напрямую из Китая под заказ! Проверенная история, выгодные условия и полное сопровождение на всех этапах сделки.",Baic Huasu из Китая
https://proauc.ru/avto-iz-kitaya/catalog/new-gonow/,New Gonow из Китая - купить Нью Гонов c пробегом,"Привозим New Gonow напрямую из Китая под заказ! Проверенная история, выгодные условия и полное сопровождение на всех этапах сделки.",New Gonow из Китая
https://proauc.ru/avto-iz-kitaya/catalog/foday/,Foday из Китая - купить Фодэй c пробегом,"Привозим Foday напрямую из Китая под заказ! Проверенная история, выгодные условия и полное сопровождение на всех этапах сделки.",Foday из Китая
https://proauc.ru/avto-iz-kitaya/catalog/ufo-auto/,Ufo Auto из Китая - купить Ufo Auto c пробегом,"Привозим Ufo Auto напрямую из Китая под заказ! Проверенная история, выгодные условия и полное сопровождение на всех этапах сделки.",Ufo Auto из Китая
https://proauc.ru/avto-iz-kitaya/catalog/huawei-hima/,Huawei Hima из Китая - купить Хуавей ХИМА c пробегом,"Привозим Huawei Hima напрямую из Китая под заказ! Проверенная история, выгодные условия и полное сопровождение на всех этапах сделки.",Huawei Hima из Китая
https://proauc.ru/avto-iz-kitaya/catalog/ruf/,Ruf из Китая - купить Руф c пробегом,"Привозим Ruf напрямую из Китая под заказ! Проверенная история, выгодные условия и полное сопровождение на всех этапах сделки.",Ruf из Китая
https://proauc.ru/avto-iz-kitaya/catalog/geely-geometr/,Geely Geometr из Китая - купить Джили Геометри c пробегом,"Привозим Geely Geometr напрямую из Китая под заказ! Проверенная история, выгодные условия и полное сопровождение на всех этапах сделки.",Geely Geometr из Китая
https://proauc.ru/avto-iz-kitaya/catalog/gac-trumpchi/,Gac Trumpchi из Китая - купить ГАК Трампчи c пробегом,"Привозим Gac Trumpchi напрямую из Китая под заказ! Проверенная история, выгодные условия и полное сопровождение на всех этапах сделки.",Gac Trumpchi из Китая
https://proauc.ru/avto-iz-kitaya/catalog/haima/,Haima из Китая - купить Хайма c пробегом,"Привозим Haima напрямую из Китая под заказ! Проверенная история, выгодные условия и полное сопровождение на всех этапах сделки.",Haima из Китая
https://proauc.ru/avto-iz-kitaya/catalog/guojin-auto/,Guojin Auto из Китая - купить Guojin Auto c пробегом,"Привозим Guojin Auto напрямую из Китая под заказ! Проверенная история, выгодные условия и полное сопровождение на всех этапах сделки.",Guojin Auto из Китая
https://proauc.ru/avto-iz-kitaya/catalog/koenigsegg/,Koenigsegg из Китая - купить Кёнигсегг c пробегом,"Привозим Koenigsegg напрямую из Китая под заказ! Проверенная история, выгодные условия и полное сопровождение на всех этапах сделки.",Koenigsegg из Китая
https://proauc.ru/avto-iz-kitaya/catalog/ledao/,Ledao из Китая - купить Ледао c пробегом,"Привозим Ledao напрямую из Китая под заказ! Проверенная история, выгодные условия и полное сопровождение на всех этапах сделки.",Ledao из Китая
https://proauc.ru/avto-iz-kitaya/catalog/firefly/,Firefly из Китая - купить Файрфлай c пробегом,"Привозим Firefly напрямую из Китая под заказ! Проверенная история, выгодные условия и полное сопровождение на всех этапах сделки.",Firefly из Китая
https://proauc.ru/avto-iz-kitaya/catalog/im-motors/,Im Motors из Китая - купить Im Motors c пробегом,"Привозим Im Motors напрямую из Китая под заказ! Проверенная история, выгодные условия и полное сопровождение на всех этапах сделки.",Im Motors из Китая
https://proauc.ru/avto-iz-kitaya/catalog/king-long/,King Long из Китая - купить Кинг Лонг c пробегом,"Привозим King Long напрямую из Китая под заказ! Проверенная история, выгодные условия и полное сопровождение на всех этапах сделки.",King long из Китая
https://proauc.ru/avto-iz-kitaya/catalog/xiaomi-auto/,Xiaomi Auto из Китая - купить Сяоми Авто c пробегом,"Привозим Xiaomi Auto напрямую из Китая под заказ! Проверенная история, выгодные условия и полное сопровождение на всех этапах сделки.",Xiaomi Auto из Китая
https://proauc.ru/avto-iz-kitaya/catalog/yasheng-auto/,Yasheng Auto из Китая - купить Yasheng Auto c пробегом,"Привозим Yasheng Auto напрямую из Китая под заказ! Проверенная история, выгодные условия и полное сопровождение на всех этапах сделки.",Yasheng Auto из Китая
https://proauc.ru/avto-iz-kitaya/catalog/weiwang/,Weiwang из Китая - купить Вэйван c пробегом,"Привозим Weiwang напрямую из Китая под заказ! Проверенная история, выгодные условия и полное сопровождение на всех этапах сделки.",Weiwang из Китая
https://proauc.ru/avto-iz-kitaya/catalog/lynk-co/,Lynk Co из Китая - купить Линк Ко c пробегом,"Привозим Lynk Co напрямую из Китая под заказ! Проверенная история, выгодные условия и полное сопровождение на всех этапах сделки.",Lynk Co из Китая
https://proauc.ru/avto-iz-kitaya/catalog/lingxi/,Lingxi из Китая - купить Линси c пробегом,"Привозим Lingxi напрямую из Китая под заказ! Проверенная история, выгодные условия и полное сопровождение на всех этапах сделки.",Lingxi из Китая
https://proauc.ru/avto-iz-kitaya/catalog/leopard/,Leopard из Китая - купить Леопард c пробегом,"Привозим Leopard напрямую из Китая под заказ! Проверенная история, выгодные условия и полное сопровождение на всех этапах сделки.",Leopard из Китая
https://proauc.ru/avto-iz-kitaya/catalog/gac-group/,Gac Group из Китая - купить ГАК Груп c пробегом,"Привозим Gac Group напрямую из Китая под заказ! Проверенная история, выгодные условия и полное сопровождение на всех этапах сделки.",Gac Group из Китая
https://proauc.ru/avto-iz-kitaya/catalog/qiantu/,Qiantu из Китая - купить Цяньту c пробегом,"Привозим Qiantu напрямую из Китая под заказ! Проверенная история, выгодные условия и полное сопровождение на всех этапах сделки.",Qiantu из Китая
https://proauc.ru/avto-iz-kitaya/catalog/ssangyong/,Ssangyong из Китая - купить СсангЙонг c пробегом,"Привозим Ssangyong напрямую из Китая под заказ! Проверенная история, выгодные условия и полное сопровождение на всех этапах сделки.",Ssangyong из Китая
https://proauc.ru/avto-iz-kitaya/catalog/srm-shineray/,Srm Shineray из Китая - купить Srm Shineray c пробегом,"Привозим Srm Shineray напрямую из Китая под заказ! Проверенная история, выгодные условия и полное сопровождение на всех этапах сделки.",Srm Shineray из Китая
https://proauc.ru/avto-iz-kitaya/catalog/weichai-yingz/,Weichai Yingz из Китая - купить Вэйчай Инчжи c пробегом,"Привозим Weichai Yingz напрямую из Китая под заказ! Проверенная история, выгодные условия и полное сопровождение на всех этапах сделки.",Weichai Yingz из Китая
https://proauc.ru/avto-iz-kitaya/catalog/baw-212/,Baw 212 из Китая - купить БАВ 212 c пробегом,"Привозим Baw 212 напрямую из Китая под заказ! Проверенная история, выгодные условия и полное сопровождение на всех этапах сделки.",Baw 212 из Китая
https://proauc.ru/avto-iz-kitaya/catalog/higer/,Higer из Китая - купить Хайгер c пробегом,"Привозим Higer напрямую из Китая под заказ! Проверенная история, выгодные условия и полное сопровождение на всех этапах сделки.",Higer из Китая
https://proauc.ru/avto-iz-kitaya/catalog/hengrun-auto/,Hengrun Auto из Китая - купить Хэнгрун Авто c пробегом,"Привозим Hengrun Auto напрямую из Китая под заказ! Проверенная история, выгодные условия и полное сопровождение на всех этапах сделки.",Hengrun Auto из Китая
https://proauc.ru/avto-iz-kitaya/catalog/weihao-auto/,Weihao Auto из Китая - купить Вэйхао Авто c пробегом,"Привозим Weihao Auto напрямую из Китая под заказ! Проверенная история, выгодные условия и полное сопровождение на всех этапах сделки.",Weihao Auto из Китая
https://proauc.ru/avto-iz-kitaya/catalog/kede-auto/,Kede Auto из Китая - купить Кэдэ Авто c пробегом,"Привозим Kede Auto напрямую из Китая под заказ! Проверенная история, выгодные условия и полное сопровождение на всех этапах сделки.",Kede Auto из Китая
https://proauc.ru/avto-iz-kitaya/catalog/gac-aion/,Gac Aion из Китая - купить ГАК Айон c пробегом,"Привозим Gac Aion напрямую из Китая под заказ! Проверенная история, выгодные условия и полное сопровождение на всех этапах сделки.",Gac Aion из Китая
https://proauc.ru/avto-iz-kitaya/catalog/lumma-design/,Lumma Design из Китая - купить Лумма Дизайн c пробегом,"Привозим Lumma Design напрямую из Китая под заказ! Проверенная история, выгодные условия и полное сопровождение на всех этапах сделки.",Lumma Design из Китая
https://proauc.ru/avto-iz-kitaya/catalog/juntian/,Juntian из Китая - купить Juntian c пробегом,"Привозим Juntian напрямую из Китая под заказ! Проверенная история, выгодные условия и полное сопровождение на всех этапах сделки.",Juntian из Китая
https://proauc.ru/avto-iz-kitaya/catalog/dongfeng-land/,Dongfeng Land из Китая - купить Дунфэн Лэнд c пробегом,"Привозим Dongfeng Land напрямую из Китая под заказ! Проверенная история, выгодные условия и полное сопровождение на всех этапах сделки.",Dongfeng Land из Китая
https://proauc.ru/avto-iz-kitaya/catalog/faw/,Faw из Китая - купить ФАВ c пробегом,"Привозим Faw напрямую из Китая под заказ! Проверенная история, выгодные условия и полное сопровождение на всех этапах сделки.",Faw из Китая
https://proauc.ru/avto-iz-kitaya/catalog/g-patton/,G Patton из Китая - купить Джи Паттон c пробегом,"Привозим G Patton напрямую из Китая под заказ! Проверенная история, выгодные условия и полное сопровождение на всех этапах сделки.",G Patton из Китая
https://proauc.ru/avto-iz-kitaya/catalog/new-longma/,New Longma из Китая - купить Нью Лонгма c пробегом,"Привозим New Longma напрямую из Китая под заказ! Проверенная история, выгодные условия и полное сопровождение на всех этапах сделки.",New Longma из Китая
https://proauc.ru/avto-iz-kitaya/catalog/yudo/,Yudo из Китая - купить Юдо c пробегом,"Привозим Yudo напрямую из Китая под заказ! Проверенная история, выгодные условия и полное сопровождение на всех этапах сделки.",Yudo из Китая
https://proauc.ru/avto-iz-kitaya/catalog/avatr/,Avatr из Китая - купить Аватр c пробегом,"Привозим Avatr напрямую из Китая под заказ! Проверенная история, выгодные условия и полное сопровождение на всех этапах сделки.",Avatr из Китая
https://proauc.ru/avto-iz-kitaya/catalog/saic-maxus/,Saic Maxus из Китая - купить Saic Maxus c пробегом,"Привозим Saic Maxus напрямую из Китая под заказ! Проверенная история, выгодные условия и полное сопровождение на всех этапах сделки.",Saic Maxus из Китая
https://proauc.ru/avto-iz-kitaya/catalog/baojun/,Baojun из Китая - купить Баоцзюнь c пробегом,"Привозим Baojun напрямую из Китая под заказ! Проверенная история, выгодные условия и полное сопровождение на всех этапах сделки.",Baojun из Китая
https://proauc.ru/avto-iz-kitaya/catalog/arcfox/,Arcfox из Китая - купить Аркфокс c пробегом,"Привозим Arcfox напрямую из Китая под заказ! Проверенная история, выгодные условия и полное сопровождение на всех этапах сделки.",Arcfox из Китая
https://proauc.ru/avto-iz-kitaya/catalog/auxun/,Auxun из Китая - купить Аусюн c пробегом,"Привозим Auxun напрямую из Китая под заказ! Проверенная история, выгодные условия и полное сопровождение на всех этапах сделки.",Auxun из Китая
https://proauc.ru/avto-iz-kitaya/catalog/qiling/,Qiling из Китая - купить Qiling c пробегом,"Привозим Qiling напрямую из Китая под заказ! Проверенная история, выгодные условия и полное сопровождение на всех этапах сделки.",Qiling из Китая
https://proauc.ru/avto-iz-kitaya/catalog/limgene/,Limgene из Китая - купить Лимген c пробегом,"Привозим Limgene напрямую из Китая под заказ! Проверенная история, выгодные условия и полное сопровождение на всех этапах сделки.",Limgene из Китая
https://proauc.ru/avto-iz-kitaya/catalog/landfeng/,Landfeng из Китая - купить Ландфэн c пробегом,"Привозим Landfeng напрямую из Китая под заказ! Проверенная история, выгодные условия и полное сопровождение на всех этапах сделки.",Landfeng из Китая
https://proauc.ru/avto-iz-kitaya/catalog/chengshi/,Chengshi из Китая - купить Чэнши c пробегом,"Привозим Chengshi напрямую из Китая под заказ! Проверенная история, выгодные условия и полное сопровождение на всех этапах сделки.",Chengshi из Китая
https://proauc.ru/avto-iz-kitaya/catalog/jac-yiwei/,Jac Yiwei из Китая - купить Джак Ивэй c пробегом,"Привозим Jac Yiwei напрямую из Китая под заказ! Проверенная история, выгодные условия и полное сопровождение на всех этапах сделки.",Jac Yiwei из Китая
https://proauc.ru/avto-iz-kitaya/catalog/xpeng/,Xpeng из Китая - купить Xpeng c пробегом,"Привозим Xpeng напрямую из Китая под заказ! Проверенная история, выгодные условия и полное сопровождение на всех этапах сделки.",Xpeng из Китая
https://proauc.ru/avto-iz-kitaya/catalog/zhidou/,Zhidou из Китая - купить Zhidou c пробегом,"Привозим Zhidou напрямую из Китая под заказ! Проверенная история, выгодные условия и полное сопровождение на всех этапах сделки.",Zhidou из Китая
https://proauc.ru/avto-iz-kitaya/catalog/skyworth-auto/,Skyworth Auto из Китая - купить Skyworth Auto c пробегом,"Привозим Skyworth Auto напрямую из Китая под заказ! Проверенная история, выгодные условия и полное сопровождение на всех этапах сделки.",Skyworth Auto из Китая
https://proauc.ru/avto-iz-kitaya/catalog/xinkai/,Xinkai из Китая - купить Xinkai c пробегом,"Привозим Xinkai напрямую из Китая под заказ! Проверенная история, выгодные условия и полное сопровождение на всех этапах сделки.",Xinkai из Китая
https://proauc.ru/avto-iz-korei/catalog/xin-yuan/,Xin Yuan из Кореи - купить Синь Юань c пробегом,"Привозим Xin Yuan напрямую из Кореи под заказ! Проверенная история, выгодные условия и полное сопровождение на всех этапах сделки.",Xin Yuan из Кореи
https://proauc.ru/avto-iz-korei/catalog/byd/,Byd из Кореи - купить БИД c пробегом,"Привозим Byd напрямую из Кореи под заказ! Проверенная история, выгодные условия и полное сопровождение на всех этапах сделки.",Byd из Кореи
https://proauc.ru/avto-iz-korei/catalog/ineos/,Ineos из Кореи - купить Инеос c пробегом,"Привозим Ineos напрямую из Кореи под заказ! Проверенная история, выгодные условия и полное сопровождение на всех этапах сделки.",Ineos из Кореи