https://proauc.ru/spectehnika/avtobetononasosy-shvingi/;Автобетононасосы (швинги) с аукциона;Автобетононасосы (швинги) под заказ из Японии, Китая и Кореи с доставкой по России;Автобетононасосы (швинги) из Японии, Китая и Кореи под заказ: новая и б/у техника с аукционов и торгов. Подбор, выкуп, доставка, таможенное оформление и отправка в любой регион России.;;
https://proauc.ru/spectehnika/avtokrany/;Автокраны с аукциона;Автокраны под заказ из Японии, Китая и Кореи с доставкой по России;Автокраны из Японии, Китая и Кореи под заказ: новая и б/у техника с аукционов и торгов. Подбор, выкуп, доставка, таможенное оформление и отправка в любой регион России.;;
https://proauc.ru/spectehnika/avtokrany/truck-crane/;Автокран с пробегом;Автокран с пробегом из Кореи под заказ с доставкой по России;Автокран с пробегом из Кореи под заказ: новая и б/у техника с аукционов и торгов. Подбор, выкуп, доставка, таможенное оформление и отправка в любой регион России.;;
https://proauc.ru/spectehnika/avtokrany/crane/;Кран с аукциона;Кран под заказ из Японии, Китая и Кореи с доставкой по России;Кран из Японии, Китая и Кореи под заказ: новая и б/у техника с аукционов и торгов. Подбор, выкуп, доставка, таможенное оформление и отправка в любой регион России.;;
https://proauc.ru/spectehnika/avtokrany/rough-terrain-crane/;Кран для труднопроходимой местности с аукциона;Кран для труднопроходимой местности под заказ из Японии, Китая и Кореи с доставкой по России;Кран для труднопроходимой местности из Японии, Китая и Кореи под заказ: новая и б/у техника с аукционов и торгов. Подбор, выкуп, доставка, таможенное оформление и отправка в любой регион России.;;
https://proauc.ru/spectehnika/buldozery/;Бульдозеры с аукциона;Бульдозеры под заказ из Японии, Китая и Кореи с доставкой по России;Бульдозеры из Японии, Китая и Кореи под заказ: новая и б/у техника с аукционов и торгов. Подбор, выкуп, доставка, таможенное оформление и отправка в любой регион России.;;
https://proauc.ru/spectehnika/buldozery/bulldozer/;Бульдозеры с пробегом;Бульдозеры с пробегом из Кореи под заказ с доставкой по России;Бульдозеры с пробегом из Кореи под заказ: новая и б/у техника с аукционов и торгов. Подбор, выкуп, доставка, таможенное оформление и отправка в любой регион России.;;
https://proauc.ru/spectehnika/generatory-i-kompressory/;Генераторы и компрессоры с аукциона;Генераторы и компрессоры под заказ из Японии, Китая и Кореи с доставкой по России;Генераторы и компрессоры из Японии, Китая и Кореи под заказ: новая и б/у техника с аукционов и торгов. Подбор, выкуп, доставка, таможенное оформление и отправка в любой регион России.;;
https://proauc.ru/spectehnika/generatory-i-kompressory/generator-compressor/;Generator , Compressor б/у;Generator , Compressor б/у из Кореи под заказ с доставкой по России;Generator , Compressor б/у из Кореи под заказ: новая и б/у техника с аукционов и торгов. Подбор, выкуп, доставка, таможенное оформление и отправка в любой регион России.;;
https://proauc.ru/spectehnika/generatory-i-kompressory/generator/;Генератор с аукциона;Генератор под заказ из Японии, Китая и Кореи с доставкой по России;Генератор из Японии, Китая и Кореи под заказ: новая и б/у техника с аукционов и торгов. Подбор, выкуп, доставка, таможенное оформление и отправка в любой регион России.;;
https://proauc.ru/spectehnika/generatory-i-kompressory/generator-and-compressor/;Генератор и компрессор б/у;Генератор и компрессор б/у из Кореи под заказ с доставкой по России;Генератор и компрессор б/у из Кореи под заказ: новая и б/у техника с аукционов и торгов. Подбор, выкуп, доставка, таможенное оформление и отправка в любой регион России.;;
https://proauc.ru/spectehnika/generatory-i-kompressory/compressor/;Компрессор с аукциона;Компрессор под заказ из Японии, Китая и Кореи с доставкой по России;Компрессор из Японии, Китая и Кореи под заказ: новая и б/у техника с аукционов и торгов. Подбор, выкуп, доставка, таможенное оформление и отправка в любой регион России.;;
https://proauc.ru/spectehnika/generatory-i-kompressory/welder-generator/;Сварочный генератор с аукциона;Сварочный генератор под заказ из Японии, Китая и Кореи с доставкой по России;Сварочный генератор из Японии, Китая и Кореи под заказ: новая и б/у техника с аукционов и торгов. Подбор, выкуп, доставка, таможенное оформление и отправка в любой регион России.;;
https://proauc.ru/spectehnika/gruzoviki/;Грузовики с аукциона;Грузовики под заказ из Японии, Китая и Кореи с доставкой по России;Грузовики из Японии, Китая и Кореи под заказ: новая и б/у техника с аукционов и торгов. Подбор, выкуп, доставка, таможенное оформление и отправка в любой регион России.;;
https://proauc.ru/spectehnika/gruzoviki/toyota/;Грузовики Toyota с аукциона;Грузовики Toyota под заказ из Японии, Китая и Кореи с доставкой по России;Грузовики Toyota из Японии, Китая и Кореи под заказ: новая и б/у техника с аукционов и торгов. Подбор, выкуп, доставка, таможенное оформление и отправка в любой регион России.;;
https://proauc.ru/spectehnika/gruzoviki/toyota/dyna/;Грузовики Toyota Dyna с аукциона;Грузовики Toyota Dyna под заказ из Японии, Китая и Кореи с доставкой по России;Грузовики Toyota Dyna из Японии, Китая и Кореи под заказ: новая и б/у техника с аукционов и торгов. Подбор, выкуп, доставка, таможенное оформление и отправка в любой регион России.;;
https://proauc.ru/spectehnika/gruzoviki/toyota/town-ace-truck/;Грузовики Toyota TOWN ACE TRUCK с аукциона;Грузовики Toyota TOWN ACE TRUCK под заказ из Японии, Китая и Кореи с доставкой по России;Грузовики Toyota TOWN ACE TRUCK из Японии, Китая и Кореи под заказ: новая и б/у техника с аукционов и торгов. Подбор, выкуп, доставка, таможенное оформление и отправка в любой регион России.;;
https://proauc.ru/spectehnika/gruzoviki/toyota/toyoace/;Грузовики Toyota Toyoace с аукциона;Грузовики Toyota Toyoace под заказ из Японии, Китая и Кореи с доставкой по России;Грузовики Toyota Toyoace из Японии, Китая и Кореи под заказ: новая и б/у техника с аукционов и торгов. Подбор, выкуп, доставка, таможенное оформление и отправка в любой регион России.;;
https://proauc.ru/spectehnika/gruzoviki/nissan/;Грузовики Nissan с аукциона;Грузовики Nissan под заказ из Японии, Китая и Кореи с доставкой по России;Грузовики Nissan из Японии, Китая и Кореи под заказ: новая и б/у техника с аукционов и торгов. Подбор, выкуп, доставка, таможенное оформление и отправка в любой регион России.;;
https://proauc.ru/spectehnika/gruzoviki/nissan/atlas/;Грузовики Nissan Atlas с аукциона;Грузовики Nissan Atlas под заказ из Японии, Китая и Кореи с доставкой по России;Грузовики Nissan Atlas из Японии, Китая и Кореи под заказ: новая и б/у техника с аукционов и торгов. Подбор, выкуп, доставка, таможенное оформление и отправка в любой регион России.;;
https://proauc.ru/spectehnika/gruzoviki/nissan/clipper-truck/;Грузовики Nissan Сlipper Truck с аукциона;Грузовики Nissan Сlipper Truck под заказ из Японии, Китая и Кореи с доставкой по России;Грузовики Nissan Сlipper Truck из Японии, Китая и Кореи под заказ: новая и б/у техника с аукционов и торгов. Подбор, выкуп, доставка, таможенное оформление и отправка в любой регион России.;;
https://proauc.ru/spectehnika/gruzoviki/nissan/truck/;Грузовики Nissan Truck с аукциона;Грузовики Nissan Truck под заказ из Японии, Китая и Кореи с доставкой по России;Грузовики Nissan Truck из Японии, Китая и Кореи под заказ: новая и б/у техника с аукционов и торгов. Подбор, выкуп, доставка, таможенное оформление и отправка в любой регион России.;;
https://proauc.ru/spectehnika/gruzoviki/suzuki/;Грузовики Suzuki с аукциона;Грузовики Suzuki под заказ из Японии, Китая и Кореи с доставкой по России;Грузовики Suzuki из Японии, Китая и Кореи под заказ: новая и б/у техника с аукционов и торгов. Подбор, выкуп, доставка, таможенное оформление и отправка в любой регион России.;;
https://proauc.ru/spectehnika/gruzoviki/suzuki/carry-truck/;Грузовики Suzuki Carry Truck с аукциона;Грузовики Suzuki Carry Truck под заказ из Японии, Китая и Кореи с доставкой по России;Грузовики Suzuki Carry Truck из Японии, Китая и Кореи под заказ: новая и б/у техника с аукционов и торгов. Подбор, выкуп, доставка, таможенное оформление и отправка в любой регион России.;;
https://proauc.ru/spectehnika/gruzoviki/daihatsu/;Грузовики Daihatsu с аукциона;Грузовики Daihatsu под заказ из Японии, Китая и Кореи с доставкой по России;Грузовики Daihatsu из Японии, Китая и Кореи под заказ: новая и б/у техника с аукционов и торгов. Подбор, выкуп, доставка, таможенное оформление и отправка в любой регион России.;;
https://proauc.ru/spectehnika/gruzoviki/daihatsu/hijet-truck/;Грузовики Daihatsu Hijet Truck с аукциона;Грузовики Daihatsu Hijet Truck под заказ из Японии, Китая и Кореи с доставкой по России;Грузовики Daihatsu Hijet Truck из Японии, Китая и Кореи под заказ: новая и б/у техника с аукционов и торгов. Подбор, выкуп, доставка, таможенное оформление и отправка в любой регион России.;;
https://proauc.ru/spectehnika/gruzoviki/mazda/;Грузовики Mazda с аукциона;Грузовики Mazda под заказ из Японии, Китая и Кореи с доставкой по России;Грузовики Mazda из Японии, Китая и Кореи под заказ: новая и б/у техника с аукционов и торгов. Подбор, выкуп, доставка, таможенное оформление и отправка в любой регион России.;;
https://proauc.ru/spectehnika/gruzoviki/mazda/bongo/;Грузовики Mazda Bongo с аукциона;Грузовики Mazda Bongo под заказ из Японии, Китая и Кореи с доставкой по России;Грузовики Mazda Bongo из Японии, Китая и Кореи под заказ: новая и б/у техника с аукционов и торгов. Подбор, выкуп, доставка, таможенное оформление и отправка в любой регион России.;;
https://proauc.ru/spectehnika/gruzoviki/mazda/titan/;Грузовики Mazda Titan с аукциона;Грузовики Mazda Titan под заказ из Японии, Китая и Кореи с доставкой по России;Грузовики Mazda Titan из Японии, Китая и Кореи под заказ: новая и б/у техника с аукционов и торгов. Подбор, выкуп, доставка, таможенное оформление и отправка в любой регион России.;;
https://proauc.ru/spectehnika/gruzoviki/isuzu/;Грузовики Isuzu с аукциона;Грузовики Isuzu под заказ из Японии, Китая и Кореи с доставкой по России;Грузовики Isuzu из Японии, Китая и Кореи под заказ: новая и б/у техника с аукционов и торгов. Подбор, выкуп, доставка, таможенное оформление и отправка в любой регион России.;;
https://proauc.ru/spectehnika/gruzoviki/isuzu/cabin/;Грузовики Isuzu Cabin с аукциона;Грузовики Isuzu Cabin под заказ из Японии, Китая и Кореи с доставкой по России;Грузовики Isuzu Cabin из Японии, Китая и Кореи под заказ: новая и б/у техника с аукционов и торгов. Подбор, выкуп, доставка, таможенное оформление и отправка в любой регион России.;;
https://proauc.ru/spectehnika/gruzoviki/isuzu/elf/;Грузовики Isuzu Elf с аукциона;Грузовики Isuzu Elf под заказ из Японии, Китая и Кореи с доставкой по России;Грузовики Isuzu Elf из Японии, Китая и Кореи под заказ: новая и б/у техника с аукционов и торгов. Подбор, выкуп, доставка, таможенное оформление и отправка в любой регион России.;;
https://proauc.ru/spectehnika/gruzoviki/isuzu/elf-truck/;Грузовики Isuzu Elf Truck с аукциона;Грузовики Isuzu Elf Truck под заказ из Японии, Китая и Кореи с доставкой по России;Грузовики Isuzu Elf Truck из Японии, Китая и Кореи под заказ: новая и б/у техника с аукционов и торгов. Подбор, выкуп, доставка, таможенное оформление и отправка в любой регион России.;;
https://proauc.ru/spectehnika/gruzoviki/isuzu/forward/;Грузовики Isuzu Forward с аукциона;Грузовики Isuzu Forward под заказ из Японии, Китая и Кореи с доставкой по России;Грузовики Isuzu Forward из Японии, Китая и Кореи под заказ: новая и б/у техника с аукционов и торгов. Подбор, выкуп, доставка, таможенное оформление и отправка в любой регион России.;;
https://proauc.ru/spectehnika/gruzoviki/isuzu/giga/;Грузовики Isuzu Giga с аукциона;Грузовики Isuzu Giga под заказ из Японии, Китая и Кореи с доставкой по России;Грузовики Isuzu Giga из Японии, Китая и Кореи под заказ: новая и б/у техника с аукционов и торгов. Подбор, выкуп, доставка, таможенное оформление и отправка в любой регион России.;;
https://proauc.ru/spectehnika/gruzoviki/isuzu/juston/;Грузовики Isuzu Juston с аукциона;Грузовики Isuzu Juston под заказ из Японии, Китая и Кореи с доставкой по России;Грузовики Isuzu Juston из Японии, Китая и Кореи под заказ: новая и б/у техника с аукционов и торгов. Подбор, выкуп, доставка, таможенное оформление и отправка в любой регион России.;;
https://proauc.ru/spectehnika/gruzoviki/isuzu/truck/;Грузовики Isuzu Truck с аукциона;Грузовики Isuzu Truck под заказ из Японии, Китая и Кореи с доставкой по России;Грузовики Isuzu Truck из Японии, Китая и Кореи под заказ: новая и б/у техника с аукционов и торгов. Подбор, выкуп, доставка, таможенное оформление и отправка в любой регион России.;;
https://proauc.ru/spectehnika/gruzoviki/hino/;Грузовики Hino с аукциона;Грузовики Hino под заказ из Японии, Китая и Кореи с доставкой по России;Грузовики Hino из Японии, Китая и Кореи под заказ: новая и б/у техника с аукционов и торгов. Подбор, выкуп, доставка, таможенное оформление и отправка в любой регион России.;;
https://proauc.ru/spectehnika/gruzoviki/hino/dutro/;Грузовики Hino Dutro с аукциона;Грузовики Hino Dutro под заказ из Японии, Китая и Кореи с доставкой по России;Грузовики Hino Dutro из Японии, Китая и Кореи под заказ: новая и б/у техника с аукционов и торгов. Подбор, выкуп, доставка, таможенное оформление и отправка в любой регион России.;;
https://proauc.ru/spectehnika/gruzoviki/hino/profia/;Грузовики Hino Profia с аукциона;Грузовики Hino Profia под заказ из Японии, Китая и Кореи с доставкой по России;Грузовики Hino Profia из Японии, Китая и Кореи под заказ: новая и б/у техника с аукционов и торгов. Подбор, выкуп, доставка, таможенное оформление и отправка в любой регион России.;;
https://proauc.ru/spectehnika/gruzoviki/hino/ranger/;Грузовики Hino Ranger с аукциона;Грузовики Hino Ranger под заказ из Японии, Китая и Кореи с доставкой по России;Грузовики Hino Ranger из Японии, Китая и Кореи под заказ: новая и б/у техника с аукционов и торгов. Подбор, выкуп, доставка, таможенное оформление и отправка в любой регион России.;;
https://proauc.ru/spectehnika/gruzoviki/hino/truck/;Грузовики Hino Truck с аукциона;Грузовики Hino Truck под заказ из Японии, Китая и Кореи с доставкой по России;Грузовики Hino Truck из Японии, Китая и Кореи под заказ: новая и б/у техника с аукционов и торгов. Подбор, выкуп, доставка, таможенное оформление и отправка в любой регион России.;;
https://proauc.ru/spectehnika/gruzoviki/mitsubishi/;Грузовики Mitsubishi с аукциона;Грузовики Mitsubishi под заказ из Японии, Китая и Кореи с доставкой по России;Грузовики Mitsubishi из Японии, Китая и Кореи под заказ: новая и б/у техника с аукционов и торгов. Подбор, выкуп, доставка, таможенное оформление и отправка в любой регион России.;;
https://proauc.ru/spectehnika/gruzoviki/mitsubishi/canter/;Грузовики Mitsubishi Canter с аукциона;Грузовики Mitsubishi Canter под заказ из Японии, Китая и Кореи с доставкой по России;Грузовики Mitsubishi Canter из Японии, Китая и Кореи под заказ: новая и б/у техника с аукционов и торгов. Подбор, выкуп, доставка, таможенное оформление и отправка в любой регион России.;;
https://proauc.ru/spectehnika/gusenicniye-krany/;Гусеничные краны с аукциона;Гусеничные краны под заказ из Японии, Китая и Кореи с доставкой по России;Гусеничные краны из Японии, Китая и Кореи под заказ: новая и б/у техника с аукционов и торгов. Подбор, выкуп, доставка, таможенное оформление и отправка в любой регион России.;;
https://proauc.ru/spectehnika/gusenicniye-krany/crawler-crane/;Гусеничный кран с пробегом;Гусеничный кран с пробегом из Кореи под заказ с доставкой по России;Гусеничный кран с пробегом из Кореи под заказ: новая и б/у техника с аукционов и торгов. Подбор, выкуп, доставка, таможенное оформление и отправка в любой регион России.;;
https://proauc.ru/spectehnika/gusenicniye-krany/mini-crawler-crane/;Гусеничный кран мини с аукциона;Гусеничный кран мини под заказ из Японии, Китая и Кореи с доставкой по России;Гусеничный кран мини из Японии, Китая и Кореи под заказ: новая и б/у техника с аукционов и торгов. Подбор, выкуп, доставка, таможенное оформление и отправка в любой регион России.;;
https://proauc.ru/spectehnika/gusenicniye-krany/crawler-lift/;Гусеничный подъёмник с аукциона;Гусеничный подъёмник под заказ из Японии, Китая и Кореи с доставкой по России;Гусеничный подъёмник из Японии, Китая и Кореи под заказ: новая и б/у техника с аукционов и торгов. Подбор, выкуп, доставка, таможенное оформление и отправка в любой регион России.;;
https://proauc.ru/spectehnika/dorozhnay-tehnika/;Дорожная техника с аукциона;Дорожная техника под заказ из Японии, Китая и Кореи с доставкой по России;Дорожная техника из Японии, Китая и Кореи под заказ: новая и б/у техника с аукционов и торгов. Подбор, выкуп, доставка, таможенное оформление и отправка в любой регион России.;;
https://proauc.ru/spectehnika/dorozhnay-tehnika/road-cutter/;Дорожный резак с аукциона;Дорожный резак под заказ из Японии, Китая и Кореи с доставкой по России;Дорожный резак из Японии, Китая и Кореи под заказ: новая и б/у техника с аукционов и торгов. Подбор, выкуп, доставка, таможенное оформление и отправка в любой регион России.;;
https://proauc.ru/spectehnika/dorozhnay-tehnika/grader/;Грейдер с аукциона;Грейдер под заказ из Японии, Китая и Кореи с доставкой по России;Грейдер из Японии, Китая и Кореи под заказ: новая и б/у техника с аукционов и торгов. Подбор, выкуп, доставка, таможенное оформление и отправка в любой регион России.;;
https://proauc.ru/spectehnika/dorozhnay-tehnika/wheel-carrier/;Колесный транспортер с аукциона;Колесный транспортер под заказ из Японии, Китая и Кореи с доставкой по России;Колесный транспортер из Японии, Китая и Кореи под заказ: новая и б/у техника с аукционов и торгов. Подбор, выкуп, доставка, таможенное оформление и отправка в любой регион России.;;
https://proauc.ru/spectehnika/dorozhnay-tehnika/mobile-crusher/;Дробильная машина с аукциона;Дробильная машина под заказ из Японии, Китая и Кореи с доставкой по России;Дробильная машина из Японии, Китая и Кореи под заказ: новая и б/у техника с аукционов и торгов. Подбор, выкуп, доставка, таможенное оформление и отправка в любой регион России.;;
https://proauc.ru/spectehnika/dorozhnay-tehnika/crawler-carrier/;Гусеничный транспортер с аукциона;Гусеничный транспортер под заказ из Японии, Китая и Кореи с доставкой по России;Гусеничный транспортер из Японии, Китая и Кореи под заказ: новая и б/у техника с аукционов и торгов. Подбор, выкуп, доставка, таможенное оформление и отправка в любой регион России.;;
https://proauc.ru/spectehnika/dorozhnay-tehnika/asphalt-finisher/;Асфальтоотделочная машина с аукциона;Асфальтоотделочная машина под заказ из Японии, Китая и Кореи с доставкой по России;Асфальтоотделочная машина из Японии, Китая и Кореи под заказ: новая и б/у техника с аукционов и торгов. Подбор, выкуп, доставка, таможенное оформление и отправка в любой регион России.;;
https://proauc.ru/spectehnika/dorozhnay-tehnika/sweeper/;Подметальная машина с аукциона;Подметальная машина под заказ из Японии, Китая и Кореи с доставкой по России;Подметальная машина из Японии, Китая и Кореи под заказ: новая и б/у техника с аукционов и торгов. Подбор, выкуп, доставка, таможенное оформление и отправка в любой регион России.;;
https://proauc.ru/spectehnika/dorozhnay-tehnika/concrete-cutter/;Резак для бетона с аукциона;Резак для бетона под заказ из Японии, Китая и Кореи с доставкой по России;Резак для бетона из Японии, Китая и Кореи под заказ: новая и б/у техника с аукционов и торгов. Подбор, выкуп, доставка, таможенное оформление и отправка в любой регион России.;;
https://proauc.ru/spectehnika/dorozhnay-tehnika/combined-roller/;Комбинированный каток с аукциона;Комбинированный каток под заказ из Японии, Китая и Кореи с доставкой по России;Комбинированный каток из Японии, Китая и Кореи под заказ: новая и б/у техника с аукционов и торгов. Подбор, выкуп, доставка, таможенное оформление и отправка в любой регион России.;;
https://proauc.ru/spectehnika/dorozhnay-tehnika/hand-guided-roller/;Ручной каток с аукциона;Ручной каток под заказ из Японии, Китая и Кореи с доставкой по России;Ручной каток из Японии, Китая и Кореи под заказ: новая и б/у техника с аукционов и торгов. Подбор, выкуп, доставка, таможенное оформление и отправка в любой регион России.;;
https://proauc.ru/spectehnika/dorozhnay-tehnika/mcadam-roller/;Каток типа Макадам с аукциона;Каток типа Макадам под заказ из Японии, Китая и Кореи с доставкой по России;Каток типа Макадам из Японии, Китая и Кореи под заказ: новая и б/у техника с аукционов и торгов. Подбор, выкуп, доставка, таможенное оформление и отправка в любой регион России.;;
https://proauc.ru/spectehnika/dorozhnay-tehnika/road-equipment/;Дорожное оборудование с аукциона;Дорожное оборудование под заказ из Японии, Китая и Кореи с доставкой по России;Дорожное оборудование из Японии, Китая и Кореи под заказ: новая и б/у техника с аукционов и торгов. Подбор, выкуп, доставка, таможенное оформление и отправка в любой регион России.;;
https://proauc.ru/spectehnika/dorozhnay-tehnika/snow-removing-machine/;Снегоуборочная техника с аукциона;Снегоуборочная техника под заказ из Японии, Китая и Кореи с доставкой по России;Снегоуборочная техника из Японии, Китая и Кореи под заказ: новая и б/у техника с аукционов и торгов. Подбор, выкуп, доставка, таможенное оформление и отправка в любой регион России.;;
https://proauc.ru/spectehnika/dorozhnay-tehnika/tandem-roller/;Двойной каток с аукциона;Двойной каток под заказ из Японии, Китая и Кореи с доставкой по России;Двойной каток из Японии, Китая и Кореи под заказ: новая и б/у техника с аукционов и торгов. Подбор, выкуп, доставка, таможенное оформление и отправка в любой регион России.;;
https://proauc.ru/spectehnika/dorozhnay-tehnika/tire-roller/;Каток на пневмошинах с аукциона;Каток на пневмошинах под заказ из Японии, Китая и Кореи с доставкой по России;Каток на пневмошинах из Японии, Китая и Кореи под заказ: новая и б/у техника с аукционов и торгов. Подбор, выкуп, доставка, таможенное оформление и отправка в любой регион России.;;
https://proauc.ru/spectehnika/manipulyatory-kmu/;Манипуляторы (КМУ) с аукциона;Манипуляторы (КМУ) под заказ из Японии, Китая и Кореи с доставкой по России;Манипуляторы (КМУ) из Японии, Китая и Кореи под заказ: новая и б/у техника с аукционов и торгов. Подбор, выкуп, доставка, таможенное оформление и отправка в любой регион России.;;
https://proauc.ru/spectehnika/pogruzchiki/;Погрузчики с аукциона;Погрузчики под заказ из Японии, Китая и Кореи с доставкой по России;Погрузчики из Японии, Китая и Кореи под заказ: новая и б/у техника с аукционов и торгов. Подбор, выкуп, доставка, таможенное оформление и отправка в любой регион России.;;
https://proauc.ru/spectehnika/pogruzchiki/forklift/;Вилочный погрузчик с аукциона;Вилочный погрузчик под заказ из Японии, Китая и Кореи с доставкой по России;Вилочный погрузчик из Японии, Китая и Кореи под заказ: новая и б/у техника с аукционов и торгов. Подбор, выкуп, доставка, таможенное оформление и отправка в любой регион России.;;
https://proauc.ru/spectehnika/pogruzchiki/mini-wheel-loader/;Колесный погрузчик мини с аукциона;Колесный погрузчик мини под заказ из Японии, Китая и Кореи с доставкой по России;Колесный погрузчик мини из Японии, Китая и Кореи под заказ: новая и б/у техника с аукционов и торгов. Подбор, выкуп, доставка, таможенное оформление и отправка в любой регион России.;;
https://proauc.ru/spectehnika/pogruzchiki/wheel-loader/;Колёсный погрузчик с аукциона;Колёсный погрузчик под заказ из Японии, Китая и Кореи с доставкой по России;Колёсный погрузчик из Японии, Китая и Кореи под заказ: новая и б/у техника с аукционов и торгов. Подбор, выкуп, доставка, таможенное оформление и отправка в любой регион России.;;
https://proauc.ru/spectehnika/pogruzchiki/skid-steer-loader/;Погрузчик с бортовым поворотом с аукциона;Погрузчик с бортовым поворотом под заказ из Японии, Китая и Кореи с доставкой по России;Погрузчик с бортовым поворотом из Японии, Китая и Кореи под заказ: новая и б/у техника с аукционов и торгов. Подбор, выкуп, доставка, таможенное оформление и отправка в любой регион России.;;
https://proauc.ru/spectehnika/pogruzchiki/shovel-loader/;Карьерный погрузчик с аукциона;Карьерный погрузчик под заказ из Японии, Китая и Кореи с доставкой по России;Карьерный погрузчик из Японии, Китая и Кореи под заказ: новая и б/у техника с аукционов и торгов. Подбор, выкуп, доставка, таможенное оформление и отправка в любой регион России.;;
https://proauc.ru/spectehnika/pogruzchiki/battery-forklift/;Электрический вилочный погрузчик с аукциона;Электрический вилочный погрузчик под заказ из Японии, Китая и Кореи с доставкой по России;Электрический вилочный погрузчик из Японии, Китая и Кореи под заказ: новая и б/у техника с аукционов и торгов. Подбор, выкуп, доставка, таможенное оформление и отправка в любой регион России.;;
https://proauc.ru/spectehnika/pogruzchiki/reach-forklift/;Штабелер (ричтрак) с аукциона;Штабелер (ричтрак) под заказ из Японии, Китая и Кореи с доставкой по России;Штабелер (ричтрак) из Японии, Китая и Кореи под заказ: новая и б/у техника с аукционов и торгов. Подбор, выкуп, доставка, таможенное оформление и отправка в любой регион России.;;
https://proauc.ru/spectehnika/pogruzchiki/front-loader/;Фронтальный погрузчик с аукциона;Фронтальный погрузчик под заказ из Японии, Китая и Кореи с доставкой по России;Фронтальный погрузчик из Японии, Китая и Кореи под заказ: новая и б/у техника с аукционов и торгов. Подбор, выкуп, доставка, таможенное оформление и отправка в любой регион России.;;
https://proauc.ru/spectehnika/pogruzchiki/loadercrawledwheeled/;Погрузчик (гусеничный/колёсный) с аукциона;Погрузчик (гусеничный/колёсный) под заказ из Японии, Китая и Кореи с доставкой по России;Погрузчик (гусеничный/колёсный) из Японии, Китая и Кореи под заказ: новая и б/у техника с аукционов и торгов. Подбор, выкуп, доставка, таможенное оформление и отправка в любой регион России.;;
https://proauc.ru/spectehnika/pogruzchiki/turret-truck/;Штабелер с поворотной мачтой с аукциона;Штабелер с поворотной мачтой под заказ из Японии, Китая и Кореи с доставкой по России;Штабелер с поворотной мачтой из Японии, Китая и Кореи под заказ: новая и б/у техника с аукционов и торгов. Подбор, выкуп, доставка, таможенное оформление и отправка в любой регион России.;;
https://proauc.ru/spectehnika/samosvaly/;Самосвалы с аукциона;Самосвалы под заказ из Японии, Китая и Кореи с доставкой по России;Самосвалы из Японии, Китая и Кореи под заказ: новая и б/у техника с аукционов и торгов. Подбор, выкуп, доставка, таможенное оформление и отправка в любой регион России.;;
https://proauc.ru/spectehnika/samosvaly/crawler-dump/;Гусеничный самосвал с аукциона;Гусеничный самосвал под заказ из Японии, Китая и Кореи с доставкой по России;Гусеничный самосвал из Японии, Китая и Кореи под заказ: новая и б/у техника с аукционов и торгов. Подбор, выкуп, доставка, таможенное оформление и отправка в любой регион России.;;
https://proauc.ru/spectehnika/samosvaly/offroad-dump-truck/;Карьерный самосвал с аукциона;Карьерный самосвал под заказ из Японии, Китая и Кореи с доставкой по России;Карьерный самосвал из Японии, Китая и Кореи под заказ: новая и б/у техника с аукционов и торгов. Подбор, выкуп, доставка, таможенное оформление и отправка в любой регион России.;;
https://proauc.ru/spectehnika/selhoztehnika/;Сельхозтехника с аукциона;Сельхозтехника под заказ из Японии, Китая и Кореи с доставкой по России;Сельхозтехника из Японии, Китая и Кореи под заказ: новая и б/у техника с аукционов и торгов. Подбор, выкуп, доставка, таможенное оформление и отправка в любой регион России.;;
https://proauc.ru/spectehnika/selhoztehnika/mowing-machine/;Косилка сельскохозяйственная с аукциона;Косилка сельскохозяйственная под заказ из Японии, Китая и Кореи с доставкой по России;Косилка сельскохозяйственная из Японии, Китая и Кореи под заказ: новая и б/у техника с аукционов и торгов. Подбор, выкуп, доставка, таможенное оформление и отправка в любой регион России.;;
https://proauc.ru/spectehnika/selhoztehnika/rice-transplanter/;Посадочная машина для риса с аукциона;Посадочная машина для риса под заказ из Японии, Китая и Кореи с доставкой по России;Посадочная машина для риса из Японии, Китая и Кореи под заказ: новая и б/у техника с аукционов и торгов. Подбор, выкуп, доставка, таможенное оформление и отправка в любой регион России.;;
https://proauc.ru/spectehnika/selhoztehnika/harrow/;Борона с аукциона;Борона под заказ из Японии, Китая и Кореи с доставкой по России;Борона из Японии, Китая и Кореи под заказ: новая и б/у техника с аукционов и торгов. Подбор, выкуп, доставка, таможенное оформление и отправка в любой регион России.;;
https://proauc.ru/spectehnika/selhoztehnika/manure-spreader/;Разбрасыватель твердых органических удобрений с аукциона;Разбрасыватель твердых органических удобрений под заказ из Японии, Китая и Кореи с доставкой по России;Разбрасыватель твердых органических удобрений из Японии, Китая и Кореи под заказ: новая и б/у техника с аукционов и торгов. Подбор, выкуп, доставка, таможенное оформление и отправка в любой регион России.;;
https://proauc.ru/spectehnika/selhoztehnika/agricultural-carrier/;Сельскохозяйственный транспортер с аукциона;Сельскохозяйственный транспортер под заказ из Японии, Китая и Кореи с доставкой по России;Сельскохозяйственный транспортер из Японии, Китая и Кореи под заказ: новая и б/у техника с аукционов и торгов. Подбор, выкуп, доставка, таможенное оформление и отправка в любой регион России.;;
https://proauc.ru/spectehnika/selhoztehnika/agricultural-machine/;Сельскохозяйственная техника с аукциона;Сельскохозяйственная техника под заказ из Японии, Китая и Кореи с доставкой по России;Сельскохозяйственная техника из Японии, Китая и Кореи под заказ: новая и б/у техника с аукционов и торгов. Подбор, выкуп, доставка, таможенное оформление и отправка в любой регион России.;;
https://proauc.ru/spectehnika/selhoztehnika/agricultural-machine-etc/;Прочая сельхозтехника с аукциона;Прочая сельхозтехника под заказ из Японии, Китая и Кореи с доставкой по России;Прочая сельхозтехника из Японии, Китая и Кореи под заказ: новая и б/у техника с аукционов и торгов. Подбор, выкуп, доставка, таможенное оформление и отправка в любой регион России.;;
https://proauc.ru/spectehnika/selhoztehnika/boom-sprayer-a/;Штанговый опрыскиватель (тип A) с аукциона;Штанговый опрыскиватель (тип A) под заказ из Японии, Китая и Кореи с доставкой по России;Штанговый опрыскиватель (тип A) из Японии, Китая и Кореи под заказ: новая и б/у техника с аукционов и торгов. Подбор, выкуп, доставка, таможенное оформление и отправка в любой регион России.;;
https://proauc.ru/spectehnika/selhoztehnika/broadcaster-a/;Разбрасыватель удобрений (тип A) с аукциона;Разбрасыватель удобрений (тип A) под заказ из Японии, Китая и Кореи с доставкой по России;Разбрасыватель удобрений (тип A) из Японии, Китая и Кореи под заказ: новая и б/у техника с аукционов и торгов. Подбор, выкуп, доставка, таможенное оформление и отправка в любой регион России.;;
https://proauc.ru/spectehnika/selhoztehnika/chipper-shredder/;Измельчитель веток и древесины с аукциона;Измельчитель веток и древесины под заказ из Японии, Китая и Кореи с доставкой по России;Измельчитель веток и древесины из Японии, Китая и Кореи под заказ: новая и б/у техника с аукционов и торгов. Подбор, выкуп, доставка, таможенное оформление и отправка в любой регион России.;;
https://proauc.ru/spectehnika/selhoztehnika/cyber-harrow/;Электронная борона (Cyber Harrow) с аукциона;Электронная борона (Cyber Harrow) под заказ из Японии, Китая и Кореи с доставкой по России;Электронная борона (Cyber Harrow) из Японии, Китая и Кореи под заказ: новая и б/у техника с аукционов и торгов. Подбор, выкуп, доставка, таможенное оформление и отправка в любой регион России.;;
https://proauc.ru/spectehnika/selhoztehnika/digger-a/;Землеройная машина (тип A) с аукциона;Землеройная машина (тип A) под заказ из Японии, Китая и Кореи с доставкой по России;Землеройная машина (тип A) из Японии, Китая и Кореи под заказ: новая и б/у техника с аукционов и торгов. Подбор, выкуп, доставка, таможенное оформление и отправка в любой регион России.;;
https://proauc.ru/spectehnika/selhoztehnika/drive-harrow/;Приводная борона с аукциона;Приводная борона под заказ из Японии, Китая и Кореи с доставкой по России;Приводная борона из Японии, Китая и Кореи под заказ: новая и б/у техника с аукционов и торгов. Подбор, выкуп, доставка, таможенное оформление и отправка в любой регион России.;;
https://proauc.ru/spectehnika/selhoztehnika/flail-mower/;Мульчер (роторная косилка) с аукциона;Мульчер (роторная косилка) под заказ из Японии, Китая и Кореи с доставкой по России;Мульчер (роторная косилка) из Японии, Китая и Кореи под заказ: новая и б/у техника с аукционов и торгов. Подбор, выкуп, доставка, таможенное оформление и отправка в любой регион России.;;
https://proauc.ru/spectehnika/selhoztehnika/grass-collector/;Сборщик травы с аукциона;Сборщик травы под заказ из Японии, Китая и Кореи с доставкой по России;Сборщик травы из Японии, Китая и Кореи под заказ: новая и б/у техника с аукционов и торгов. Подбор, выкуп, доставка, таможенное оформление и отправка в любой регион России.;;
https://proauc.ru/spectehnika/selhoztehnika/grass-collector-a/;Сборщик травы (тип A) с аукциона;Сборщик травы (тип A) под заказ из Японии, Китая и Кореи с доставкой по России;Сборщик травы (тип A) из Японии, Китая и Кореи под заказ: новая и б/у техника с аукционов и торгов. Подбор, выкуп, доставка, таможенное оформление и отправка в любой регион России.;;
https://proauc.ru/spectehnika/selhoztehnika/hammer-knife-mower/;Косилка с молоточковыми ножами с аукциона;Косилка с молоточковыми ножами под заказ из Японии, Китая и Кореи с доставкой по России;Косилка с молоточковыми ножами из Японии, Китая и Кореи под заказ: новая и б/у техника с аукционов и торгов. Подбор, выкуп, доставка, таможенное оформление и отправка в любой регион России.;;
https://proauc.ru/spectehnika/selhoztehnika/hammer-knife-mower-a/;Косилка с молоточковыми ножами (тип A) с аукциона;Косилка с молоточковыми ножами (тип A) под заказ из Японии, Китая и Кореи с доставкой по России;Косилка с молоточковыми ножами (тип A) из Японии, Китая и Кореи под заказ: новая и б/у техника с аукционов и торгов. Подбор, выкуп, доставка, таможенное оформление и отправка в любой регион России.;;
https://proauc.ru/spectehnika/selhoztehnika/high-clearance-boom-sprayer/;Штанговый опрыскиватель повышенного клиренса с аукциона;Штанговый опрыскиватель повышенного клиренса под заказ из Японии, Китая и Кореи с доставкой по России;Штанговый опрыскиватель повышенного клиренса из Японии, Китая и Кореи под заказ: новая и б/у техника с аукционов и торгов. Подбор, выкуп, доставка, таможенное оформление и отправка в любой регион России.;;
https://proauc.ru/spectehnika/selhoztehnika/lime-sower/;Разбрасыватель извести с аукциона;Разбрасыватель извести под заказ из Японии, Китая и Кореи с доставкой по России;Разбрасыватель извести из Японии, Китая и Кореи под заказ: новая и б/у техника с аукционов и торгов. Подбор, выкуп, доставка, таможенное оформление и отправка в любой регион России.;;
https://proauc.ru/spectehnika/selhoztehnika/manure-spreader-a/;Разбрасыватель навоза (тип A) с аукциона;Разбрасыватель навоза (тип A) под заказ из Японии, Китая и Кореи с доставкой по России;Разбрасыватель навоза (тип A) из Японии, Китая и Кореи под заказ: новая и б/у техника с аукционов и торгов. Подбор, выкуп, доставка, таможенное оформление и отправка в любой регион России.;;
https://proauc.ru/spectehnika/selhoztehnika/max-harrow/;Макс-борона с аукциона;Макс-борона под заказ из Японии, Китая и Кореи с доставкой по России;Макс-борона из Японии, Китая и Кореи под заказ: новая и б/у техника с аукционов и торгов. Подбор, выкуп, доставка, таможенное оформление и отправка в любой регион России.;;
https://proauc.ru/spectehnika/selhoztehnika/paddy-harrow/;Борона для рисовых полей с аукциона;Борона для рисовых полей под заказ из Японии, Китая и Кореи с доставкой по России;Борона для рисовых полей из Японии, Китая и Кореи под заказ: новая и б/у техника с аукционов и торгов. Подбор, выкуп, доставка, таможенное оформление и отправка в любой регион России.;;
https://proauc.ru/spectehnika/selhoztehnika/plough/;Плуг с аукциона;Плуг под заказ из Японии, Китая и Кореи с доставкой по России;Плуг из Японии, Китая и Кореи под заказ: новая и б/у техника с аукционов и торгов. Подбор, выкуп, доставка, таможенное оформление и отправка в любой регион России.;;
https://proauc.ru/spectehnika/selhoztehnika/potato-digging-machine/;Картофелекопалка с аукциона;Картофелекопалка под заказ из Японии, Китая и Кореи с доставкой по России;Картофелекопалка из Японии, Китая и Кореи под заказ: новая и б/у техника с аукционов и торгов. Подбор, выкуп, доставка, таможенное оформление и отправка в любой регион России.;;
https://proauc.ru/spectehnika/selhoztehnika/power-harrow/;Борона с приводом с аукциона;Борона с приводом под заказ из Японии, Китая и Кореи с доставкой по России;Борона с приводом из Японии, Китая и Кореи под заказ: новая и б/у техника с аукционов и торгов. Подбор, выкуп, доставка, таможенное оформление и отправка в любой регион России.;;
https://proauc.ru/spectehnika/selhoztehnika/power-sprayer/;Мощный опрыскиватель с аукциона;Мощный опрыскиватель под заказ из Японии, Китая и Кореи с доставкой по России;Мощный опрыскиватель из Японии, Китая и Кореи под заказ: новая и б/у техника с аукционов и торгов. Подбор, выкуп, доставка, таможенное оформление и отправка в любой регион России.;;
https://proauc.ru/spectehnika/selhoztehnika/rotary-mower-a/;Ротационная косилка (тип A) с аукциона;Ротационная косилка (тип A) под заказ из Японии, Китая и Кореи с доставкой по России;Ротационная косилка (тип A) из Японии, Китая и Кореи под заказ: новая и б/у техника с аукционов и торгов. Подбор, выкуп, доставка, таможенное оформление и отправка в любой регион России.;;
https://proauc.ru/spectehnika/selhoztehnika/seeder-a/;Сеялка (тип A) с аукциона;Сеялка (тип A) под заказ из Японии, Китая и Кореи с доставкой по России;Сеялка (тип A) из Японии, Китая и Кореи под заказ: новая и б/у техника с аукционов и торгов. Подбор, выкуп, доставка, таможенное оформление и отправка в любой регион России.;;
https://proauc.ru/spectehnika/selhoztehnika/speed-sprayer/;Скоростной опрыскиватель с аукциона;Скоростной опрыскиватель под заказ из Японии, Китая и Кореи с доставкой по России;Скоростной опрыскиватель из Японии, Китая и Кореи под заказ: новая и б/у техника с аукционов и торгов. Подбор, выкуп, доставка, таможенное оформление и отправка в любой регион России.;;
https://proauc.ru/spectehnika/selhoztehnika/tiller/;Мотоблок с аукциона;Мотоблок под заказ из Японии, Китая и Кореи с доставкой по России;Мотоблок из Японии, Китая и Кореи под заказ: новая и б/у техника с аукционов и торгов. Подбор, выкуп, доставка, таможенное оформление и отправка в любой регион России.;;
https://proauc.ru/spectehnika/selhoztehnika/torencha/;Торенча с аукциона;Торенча под заказ из Японии, Китая и Кореи с доставкой по России;Торенча из Японии, Китая и Кореи под заказ: новая и б/у техника с аукционов и торгов. Подбор, выкуп, доставка, таможенное оформление и отправка в любой регион России.;;
https://proauc.ru/spectehnika/selhoztehnika/twin-harrow/;Сдвоенная борона с аукциона;Сдвоенная борона под заказ из Японии, Китая и Кореи с доставкой по России;Сдвоенная борона из Японии, Китая и Кореи под заказ: новая и б/у техника с аукционов и торгов. Подбор, выкуп, доставка, таможенное оформление и отправка в любой регион России.;;
https://proauc.ru/spectehnika/selhoztehnika/wing-harrow/;Крылатая борона с аукциона;Крылатая борона под заказ из Японии, Китая и Кореи с доставкой по России;Крылатая борона из Японии, Китая и Кореи под заказ: новая и б/у техника с аукционов и торгов. Подбор, выкуп, доставка, таможенное оформление и отправка в любой регион России.;;
https://proauc.ru/spectehnika/selhoztehnika/mixer-feeder/;Кормосмеситель-раздатчик с аукциона;Кормосмеситель-раздатчик под заказ из Японии, Китая и Кореи с доставкой по России;Кормосмеситель-раздатчик из Японии, Китая и Кореи под заказ: новая и б/у техника с аукционов и торгов. Подбор, выкуп, доставка, таможенное оформление и отправка в любой регион России.;;
https://proauc.ru/spectehnika/selhoztehnika/mower-a/;Роторная косилка (тип А) с аукциона;Роторная косилка (тип А) под заказ из Японии, Китая и Кореи с доставкой по России;Роторная косилка (тип А) из Японии, Китая и Кореи под заказ: новая и б/у техника с аукционов и торгов. Подбор, выкуп, доставка, таможенное оформление и отправка в любой регион России.;;
https://proauc.ru/spectehnika/traktory/;Тракторы с аукциона;Тракторы под заказ из Японии, Китая и Кореи с доставкой по России;Тракторы из Японии, Китая и Кореи под заказ: новая и б/у техника с аукционов и торгов. Подбор, выкуп, доставка, таможенное оформление и отправка в любой регион России.;;
https://proauc.ru/spectehnika/traktory/combine/;Комбайн с аукциона;Комбайн под заказ из Японии, Китая и Кореи с доставкой по России;Комбайн из Японии, Китая и Кореи под заказ: новая и б/у техника с аукционов и торгов. Подбор, выкуп, доставка, таможенное оформление и отправка в любой регион России.;;
https://proauc.ru/spectehnika/traktory/logging-tractor/;Трактор для лесозаготовок с аукциона;Трактор для лесозаготовок под заказ из Японии, Китая и Кореи с доставкой по России;Трактор для лесозаготовок из Японии, Китая и Кореи под заказ: новая и б/у техника с аукционов и торгов. Подбор, выкуп, доставка, таможенное оформление и отправка в любой регион России.;;
https://proauc.ru/spectehnika/traktory/lawn-mower/;Газонокосилка с аукциона;Газонокосилка под заказ из Японии, Китая и Кореи с доставкой по России;Газонокосилка из Японии, Китая и Кореи под заказ: новая и б/у техника с аукционов и торгов. Подбор, выкуп, доставка, таможенное оформление и отправка в любой регион России.;;
https://proauc.ru/spectehnika/traktory/boom-sprayer/;Опрыскиватель с аукциона;Опрыскиватель под заказ из Японии, Китая и Кореи с доставкой по России;Опрыскиватель из Японии, Китая и Кореи под заказ: новая и б/у техника с аукционов и торгов. Подбор, выкуп, доставка, таможенное оформление и отправка в любой регион России.;;
https://proauc.ru/spectehnika/traktory/cultivator/;Культиватор с аукциона;Культиватор под заказ из Японии, Китая и Кореи с доставкой по России;Культиватор из Японии, Китая и Кореи под заказ: новая и б/у техника с аукционов и торгов. Подбор, выкуп, доставка, таможенное оформление и отправка в любой регион России.;;
https://proauc.ru/spectehnika/traktory/chipper/;Измельчитель с аукциона;Измельчитель под заказ из Японии, Китая и Кореи с доставкой по России;Измельчитель из Японии, Китая и Кореи под заказ: новая и б/у техника с аукционов и торгов. Подбор, выкуп, доставка, таможенное оформление и отправка в любой регион России.;;
https://proauc.ru/spectehnika/traktory/forage-harvester-a/;Кормоуборочный комбайн (тип A) с аукциона;Кормоуборочный комбайн (тип A) под заказ из Японии, Китая и Кореи с доставкой по России;Кормоуборочный комбайн (тип A) из Японии, Китая и Кореи под заказ: новая и б/у техника с аукционов и торгов. Подбор, выкуп, доставка, таможенное оформление и отправка в любой регион России.;;
https://proauc.ru/spectehnika/traktory/harvester/;Уборочный комбайн с аукциона;Уборочный комбайн под заказ из Японии, Китая и Кореи с доставкой по России;Уборочный комбайн из Японии, Китая и Кореи под заказ: новая и б/у техника с аукционов и торгов. Подбор, выкуп, доставка, таможенное оформление и отправка в любой регион России.;;
https://proauc.ru/spectehnika/traktory/towing-tractor/;Буксировочный трактор с аукциона;Буксировочный трактор под заказ из Японии, Китая и Кореи с доставкой по России;Буксировочный трактор из Японии, Китая и Кореи под заказ: новая и б/у техника с аукционов и торгов. Подбор, выкуп, доставка, таможенное оформление и отправка в любой регион России.;;
https://proauc.ru/spectehnika/traktory/tractor/;Трактор с пробегом;Трактор с пробегом из Кореи под заказ с доставкой по России;Трактор с пробегом из Кореи под заказ: новая и б/у техника с аукционов и торгов. Подбор, выкуп, доставка, таможенное оформление и отправка в любой регион России.;;
https://proauc.ru/spectehnika/traktory/trailer/;Прицеп с аукциона;Прицеп под заказ из Японии, Китая и Кореи с доставкой по России;Прицеп из Японии, Китая и Кореи под заказ: новая и б/у техника с аукционов и торгов. Подбор, выкуп, доставка, таможенное оформление и отправка в любой регион России.;;
https://proauc.ru/spectehnika/traktory/wood-chipper/;Древоизмельчитель с аукциона;Древоизмельчитель под заказ из Японии, Китая и Кореи с доставкой по России;Древоизмельчитель из Японии, Китая и Кореи под заказ: новая и б/у техника с аукционов и торгов. Подбор, выкуп, доставка, таможенное оформление и отправка в любой регион России.;;
https://proauc.ru/spectehnika/furgony/;Фургоны с аукциона;Фургоны под заказ из Японии, Китая и Кореи с доставкой по России;Фургоны из Японии, Китая и Кореи под заказ: новая и б/у техника с аукционов и торгов. Подбор, выкуп, доставка, таможенное оформление и отправка в любой регион России.;;
https://proauc.ru/spectehnika/ekskavatory/;Экскаваторы с аукциона;Экскаваторы под заказ из Японии, Китая и Кореи с доставкой по России;Экскаваторы из Японии, Китая и Кореи под заказ: новая и б/у техника с аукционов и торгов. Подбор, выкуп, доставка, таможенное оформление и отправка в любой регион России.;;
https://proauc.ru/spectehnika/ekskavatory/excavator/;Экскаватор с пробегом;Экскаватор с пробегом из Кореи под заказ с доставкой по России;Экскаватор с пробегом из Кореи под заказ: новая и б/у техника с аукционов и торгов. Подбор, выкуп, доставка, таможенное оформление и отправка в любой регион России.;;
https://proauc.ru/spectehnika/ekskavatory/mini-excavator/;Экскаватор мини с аукциона;Экскаватор мини под заказ из Японии, Китая и Кореи с доставкой по России;Экскаватор мини из Японии, Китая и Кореи под заказ: новая и б/у техника с аукционов и торгов. Подбор, выкуп, доставка, таможенное оформление и отправка в любой регион России.;;
;;;;;
;;;;;
;;;;;
;;;;;
;;;;;
;;;;;
;;;;;
;;;;;
;;;;;
;;;;;
;;;;;
;;;;;
;;;;;
;;;;;
;;;;;
;;;;;
;;;;;
;;;;;
;;;;;
;;;;;
;;;;;
;;;;;
;;;;;
;;;;;
;;;;;
;;;;;
;;;;;
;;;;;
;;;;;
;;;;;
;;;;;
;;;;;
;;;;;
;;;;;
;;;;;
;;;;;
;;;;;
;;;;;
;;;;;
;;;;;
;;;;;
;;;;;
;;;;;
;;;;;
;;;;;
;;;;;
;;;;;
;;;;;
;;;;;
;;;;;
;;;;;
;;;;;
;;;;;
;;;;;
;;;;;
;;;;;
;;;;;
;;;;;
;Дорожная техника; под заказ из Японии, Китая и Кореи с доставкой по России;Дорожная техника под заказ из Японии, Китая и Кореи с доставкой по России;;
;Дорожный резак; под заказ из Японии, Китая и Кореи с доставкой по России;Дорожный резак под заказ из Японии, Китая и Кореи с доставкой по России;;
;Грейдер; под заказ из Японии, Китая и Кореи с доставкой по России;Грейдер под заказ из Японии, Китая и Кореи с доставкой по России;;
;Колесный транспортер; под заказ из Японии, Китая и Кореи с доставкой по России;Колесный транспортер под заказ из Японии, Китая и Кореи с доставкой по России;;
;Дробильная машина; под заказ из Японии, Китая и Кореи с доставкой по России;Дробильная машина под заказ из Японии, Китая и Кореи с доставкой по России;;
;Гусеничный транспортер; под заказ из Японии, Китая и Кореи с доставкой по России;Гусеничный транспортер под заказ из Японии, Китая и Кореи с доставкой по России;;
;Асфальтоотделочная машина; под заказ из Японии, Китая и Кореи с доставкой по России;Асфальтоотделочная машина под заказ из Японии, Китая и Кореи с доставкой по России;;
;Подметальная машина; под заказ из Японии, Китая и Кореи с доставкой по России;Подметальная машина под заказ из Японии, Китая и Кореи с доставкой по России;;
;Резак для бетона; под заказ из Японии, Китая и Кореи с доставкой по России;Резак для бетона под заказ из Японии, Китая и Кореи с доставкой по России;;
;Комбинированный каток; под заказ из Японии, Китая и Кореи с доставкой по России;Комбинированный каток под заказ из Японии, Китая и Кореи с доставкой по России;;
;Ручной каток; под заказ из Японии, Китая и Кореи с доставкой по России;Ручной каток под заказ из Японии, Китая и Кореи с доставкой по России;;
;Каток типа Макадам; под заказ из Японии, Китая и Кореи с доставкой по России;Каток типа Макадам под заказ из Японии, Китая и Кореи с доставкой по России;;
;Дорожное оборудование; под заказ из Японии, Китая и Кореи с доставкой по России;Дорожное оборудование под заказ из Японии, Китая и Кореи с доставкой по России;;
;Снегоуборочная техника; под заказ из Японии, Китая и Кореи с доставкой по России;Снегоуборочная техника под заказ из Японии, Китая и Кореи с доставкой по России;;
;Двойной каток; под заказ из Японии, Китая и Кореи с доставкой по России;Двойной каток под заказ из Японии, Китая и Кореи с доставкой по России;;
;Каток на пневмошинах; под заказ из Японии, Китая и Кореи с доставкой по России;Каток на пневмошинах под заказ из Японии, Китая и Кореи с доставкой по России;;
;;;;;
;;;;;
;;;;;
;https://zavod-burmash.ru/product/1300/;;;;
;https://zavod-burmash.ru/product/2500/;;;;
;https://zavod-burmash.ru/product/1500/;;;;
Келли штанга Soilmec BL HD 355/3/22,4;https://zavod-burmash.ru/product/1000/;;;;
либхер;https://zavod-burmash.ru/product/620/;;;;
;https://zavod-burmash.ru/product/2200/;;;;
;https://zavod-burmash.ru/product/1200/;;;;
;https://zavod-burmash.ru/product/2000/;;;;
;https://zavod-burmash.ru/product/1180/;;;;
;https://zavod-burmash.ru/product/1800/;;;;
;https://zavod-burmash.ru/product/880/;;;;
;https://zavod-burmash.ru/product/750/;;;;
;;;;;
;;;;;
;;;;;
;;;;;
;;;;;
;;;;;
;;;;;
;;;;;
;;;;;
;;;;;
;;;;;
;;;;;
;;;;;
;;;;;
;;;;;
;;;;;
;;;;;
;;;;;
;;;;;
;;;;;
;;;;;
;;;;;
;;;;;
;;;;;
;;;;;
;;;;;
;;;;;
;;;;;
;;;;;
;;;;;
;;;;;
;;;;;
;;;;;
;;;;;
;;;;;
;;;;;
;;;;;
;;;;;
;;;;;
;;;;;
;;;;;
;;;;;
;;;;;
;;;;;
;;;;;
;;;;;
;;;;;
;;;;;
;;;;;
;;;;;
;;;;;
;;;;;
;;;;;
;;;;;
;;;;;
;;;;;
;;;;;
;;;;;
;;;;;
;;;;;
;;;;;
;;;;;
;;;;;
;;;;;
;;;;;
;;;;;
;;;;;
;;;;;
;;;;;
;;;;;
;;;;;
;;;;;
;;;;;
;;;;;
;;;;;
;;;;;
;;;;;
;;;;;
;;;;;
;;;;;
;;;;;
;;;;;
;;;;;
;;;;;
;;;;;
;;;;;
;;;;;
;;;;;
;;;;;
;;;;;
;;;;;
;;;;;
;;;;;
;;;;;
;;;;;
;;;;;
;;;;;
;;;;;
;;;;;
;;;;;
;;;;;
;;;;;
;;;;;
;;;;;
;;;;;
;;;;;
;;;;;
;;;;;
;;;;;
;;;;;
;;;;;
;;;;;
;;;;;
;;;;;
;;;;;
;;;;;
;;;;;
;;;;;
;;;;;
;;;;;
